<?xml version="1.0" encoding="UTF-8"?>
<project-private xmlns="http://www.netbeans.org/ns/project-private/1">
    <editor-bookmarks xmlns="http://www.netbeans.org/ns/editor-bookmarks/2" lastBookmarkId="0"/>
    <open-files xmlns="http://www.netbeans.org/ns/projectui-open-files/2">
        <group>
            <file>file:/C:/Users/ImanoRicardo/Desktop/Computer%20ScienceFall2014/COMP755/Assignments/WarehouseManager/src/warehousemanager/InventoryManager.java</file>
            <file>file:/C:/Users/ImanoRicardo/Desktop/Computer%20ScienceFall2014/COMP755/Assignments/WarehouseManager/src/warehousemanager/LinkedList.java</file>
            <file>file:/C:/Users/ImanoRicardo/Desktop/Computer%20ScienceFall2014/COMP755/Assignments/WarehouseManager/src/warehousemanager/ShipmentsToOrder.java</file>
            <file>file:/C:/Users/ImanoRicardo/Desktop/Computer%20ScienceFall2014/COMP755/Assignments/WarehouseManager/src/warehousemanager/WarehouseManager.java</file>
            <file>file:/C:/Users/ImanoRicardo/Desktop/Computer%20ScienceFall2014/COMP755/Assignments/WarehouseManager/src/warehousemanager/WarehouseQueue.java</file>
            <file>file:/C:/Users/ImanoRicardo/Desktop/Computer%20ScienceFall2014/COMP755/Assignments/WarehouseManager/src/warehousemanager/WarehouseStack.java</file>
            <file>file:/C:/Users/ImanoRicardo/Desktop/Computer%20ScienceFall2014/COMP755/Assignments/WarehouseManager/src/warehousemanager/Widget.java</file>
        </group>
    </open-files>
</project-private>
